{"stats":{"minecraft:used":{"minecraft:dirt":6},"minecraft:custom":{"minecraft:jump":56,"minecraft:time_since_rest":4512,"minecraft:damage_dealt":90,"minecraft:leave_game":1,"minecraft:sprint_one_cm":8356,"minecraft:play_time":4512,"minecraft:walk_on_water_one_cm":191,"minecraft:time_since_death":4512,"minecraft:walk_one_cm":6303,"minecraft:total_world_time":4512,"minecraft:fall_one_cm":1463,"minecraft:fly_one_cm":14224},"minecraft:picked_up":{"minecraft:wheat_seeds":2,"minecraft:dirt":29},"minecraft:mined":{"minecraft:short_grass":5,"minecraft:grass_block":22,"minecraft:dirt":7}},"DataVersion":3953}